Date,Time,Source IP Address,Destination IP Address,Alert Message,Type of Protocol
05/28,10:46:18,192.168.165.123,192.168.165.92,[1:10001:1] ICMP Ping Detected,ICMP
05/28,10:46:18,192.168.165.92,192.168.165.123,[1:10001:1] ICMP Ping Detected,ICMP
05/28,10:46:19,192.168.165.123,192.168.165.92,[1:10001:1] ICMP Ping Detected,ICMP
05/28,10:46:19,192.168.165.92,192.168.165.123,[1:10001:1] ICMP Ping Detected,ICMP
05/28,10:46:20,192.168.165.123,192.168.165.92,[1:10001:1] ICMP Ping Detected,ICMP
05/28,10:46:20,192.168.165.92,192.168.165.123,[1:10001:1] ICMP Ping Detected,ICMP
05/28,10:46:21,192.168.165.123,192.168.165.92,[1:10001:1] ICMP Ping Detected,ICMP
05/28,10:46:21,192.168.165.92,192.168.165.123,[1:10001:1] ICMP Ping Detected,ICMP
05/28,10:46:25,192.168.165.186,192.168.165.92,[1:10001:1] ICMP Ping Detected,ICMP
05/28,10:46:25,192.168.165.92,192.168.165.186,[1:10001:1] ICMP Ping Detected,ICMP
05/28,10:46:26,192.168.165.186,192.168.165.92,[1:10001:1] ICMP Ping Detected,ICMP
05/28,10:46:26,192.168.165.92,192.168.165.186,[1:10001:1] ICMP Ping Detected,ICMP
05/28,10:46:27,192.168.165.186,192.168.165.92,[1:10001:1] ICMP Ping Detected,ICMP
05/28,10:46:27,192.168.165.92,192.168.165.186,[1:10001:1] ICMP Ping Detected,ICMP
05/28,10:46:28,192.168.165.186,192.168.165.92,[1:10001:1] ICMP Ping Detected,ICMP
05/28,10:46:28,192.168.165.92,192.168.165.186,[1:10001:1] ICMP Ping Detected,ICMP
05/28,10:46:29,192.168.165.186,192.168.165.92,[1:10001:1] ICMP Ping Detected,ICMP
05/28,10:46:29,192.168.165.92,192.168.165.186,[1:10001:1] ICMP Ping Detected,ICMP
05/28,10:46:30,192.168.165.186,192.168.165.92,[1:10001:1] ICMP Ping Detected,ICMP
05/28,10:46:30,192.168.165.92,192.168.165.186,[1:10001:1] ICMP Ping Detected,ICMP
05/28,10:46:31,192.168.165.186,192.168.165.92,[1:10001:1] ICMP Ping Detected,ICMP
05/28,10:46:31,192.168.165.92,192.168.165.186,[1:10001:1] ICMP Ping Detected,ICMP
05/28,10:46:32,192.168.165.186,192.168.165.92,[1:10001:1] ICMP Ping Detected,ICMP
05/28,10:46:32,192.168.165.92,192.168.165.186,[1:10001:1] ICMP Ping Detected,ICMP
05/28,10:46:33,192.168.165.186,192.168.165.92,[1:10001:1] ICMP Ping Detected,ICMP
05/28,10:46:33,192.168.165.92,192.168.165.186,[1:10001:1] ICMP Ping Detected,ICMP
05/28,10:46:34,192.168.165.186,192.168.165.92,[1:10001:1] ICMP Ping Detected,ICMP
05/28,10:46:34,192.168.165.92,192.168.165.186,[1:10001:1] ICMP Ping Detected,ICMP
05/28,10:46:35,192.168.165.186,192.168.165.92,[1:10001:1] ICMP Ping Detected,ICMP
05/28,10:46:35,192.168.165.92,192.168.165.186,[1:10001:1] ICMP Ping Detected,ICMP
05/28,10:46:36,192.168.165.186,192.168.165.92,[1:10001:1] ICMP Ping Detected,ICMP
05/28,10:46:36,192.168.165.92,192.168.165.186,[1:10001:1] ICMP Ping Detected,ICMP
05/28,10:46:36,192.168.165.186,192.168.165.92,[1:10001:1] ICMP Ping Detected,ICMP
05/28,10:46:36,192.168.165.92,192.168.165.186,[1:10001:1] ICMP Ping Detected,ICMP
